{"CustomerId_PKEY":{"count":4000.0,"mean":1.0,"std":0.0,"min":1.0,"25%":1.0,"50%":1.0,"75%":1.0,"max":1.0},"CustomerName_OPT":{"count":4000.0,"mean":1.27625,"std":0.4471978689,"min":1.0,"25%":1.0,"50%":1.0,"75%":2.0,"max":2.0},"InvoiceDate_NN":{"count":4000.0,"mean":1.00825,"std":0.0904653718,"min":1.0,"25%":1.0,"50%":1.0,"75%":1.0,"max":2.0},"InvoiceStatus_OPT":{"count":4000.0,"mean":1.00125,"std":0.0353376525,"min":1.0,"25%":1.0,"50%":1.0,"75%":1.0,"max":2.0},"label":{"count":0.0,"mean":null,"std":null,"min":null,"25%":null,"50%":null,"75%":null,"max":null}}