{"CustomerId_PKEY":{"count":76.0,"mean":1.0789473684,"std":0.6274425954,"min":0.0,"25%":1.0,"50%":1.0,"75%":1.0,"max":2.0},"CustomerName_OPT":{"count":76.0,"mean":0.9210526316,"std":0.8447983254,"min":0.0,"25%":0.0,"50%":1.0,"75%":2.0,"max":2.0},"InvoiceDate_NN":{"count":76.0,"mean":0.9210526316,"std":0.7440995972,"min":0.0,"25%":0.0,"50%":1.0,"75%":1.0,"max":2.0},"InvoiceStatus_OPT":{"count":76.0,"mean":0.9210526316,"std":0.8447983254,"min":0.0,"25%":0.0,"50%":1.0,"75%":2.0,"max":2.0}}