{"CustomerId_PKEY":{"count":5000.0,"mean":1.0,"std":0.0,"min":1.0,"25%":1.0,"50%":1.0,"75%":1.0,"max":1.0},"CustomerName_OPT":{"count":5000.0,"mean":1.2794,"std":0.4487492788,"min":1.0,"25%":1.0,"50%":1.0,"75%":2.0,"max":2.0},"InvoiceDate_NN":{"count":5000.0,"mean":1.0102,"std":0.1004887038,"min":1.0,"25%":1.0,"50%":1.0,"75%":1.0,"max":2.0},"InvoiceStatus_OPT":{"count":5000.0,"mean":1.0016,"std":0.0399719846,"min":1.0,"25%":1.0,"50%":1.0,"75%":1.0,"max":2.0},"label":{"count":0.0,"mean":null,"std":null,"min":null,"25%":null,"50%":null,"75%":null,"max":null}}