{"Payload":{"count":287.0,"mean":89255.6271777003,"std":3692.5654049195,"min":83076.0,"25%":85222.0,"50%":90167.0,"75%":92334.0,"max":93655.0},"RunningTime":{"count":287.0,"mean":52.6132404181,"std":12.8419752209,"min":30.0,"25%":40.0,"50%":56.0,"75%":63.0,"max":82.0},"ThroughputPersec":{"count":287.0,"mean":1827.2473867596,"std":563.0781517866,"min":1099.0,"25%":1427.0,"50%":1547.0,"75%":2296.0,"max":3100.0}}